bond_id,issuer_type,maturity_years,currency,rating_num,is_green,issue_year,yield_pct,amount_m,rating
BOND_0000,Corporate-IG,30,GBP,4,0,2022,3.9714,587.1,BBB
BOND_0001,Supranational,20,USD,7,0,2024,4.5895,552.8,CCC
BOND_0002,Municipal,3,USD,3,0,2019,2.0234,4768.5,A
BOND_0003,Corporate-HY,2,USD,7,0,2018,3.8055,62.5,CCC
BOND_0004,Sovereign,7,EUR,4,0,2024,1.2653,36.6,BBB
BOND_0005,Sovereign,20,GBP,6,0,2022,4.303,26.7,B
BOND_0006,Sovereign,3,EUR,2,1,2022,1.4134,2412.0,AA
BOND_0007,Supranational,2,EUR,6,1,2019,2.4775,152.1,B
BOND_0008,Corporate-HY,15,USD,7,0,2018,4.9474,591.6,CCC
BOND_0009,Municipal,5,JPY,2,0,2020,0.9448,408.5,AA
BOND_0010,Sovereign,10,EUR,1,0,2024,1.0596,128.4,AAA
BOND_0011,Supranational,15,EUR,5,0,2019,3.35,1740.1,BB
BOND_0012,Municipal,30,USD,6,0,2018,5.6698,400.7,B
BOND_0013,Corporate-IG,2,GBP,4,0,2024,2.0697,339.6,BBB
BOND_0014,Sovereign,15,EUR,1,0,2022,1.5906,688.0,AAA
BOND_0015,Sovereign,5,USD,5,0,2018,2.7648,1430.3,BB
BOND_0016,Corporate-IG,20,USD,4,0,2018,3.3878,115.1,BBB
BOND_0017,Corporate-IG,2,EUR,3,1,2023,0.5318,1797.0,A
BOND_0018,Corporate-IG,15,EUR,4,1,2018,2.8917,4269.6,BBB
BOND_0019,Corporate-IG,10,USD,2,1,2020,2.2287,57.1,AA
BOND_0020,Corporate-HY,10,JPY,2,0,2018,0.9687,736.5,AA
BOND_0021,Sovereign,3,USD,3,1,2020,2.1973,307.1,A
BOND_0022,Corporate-IG,15,EUR,1,0,2022,1.2493,1384.8,AAA
BOND_0023,Corporate-IG,7,JPY,5,1,2020,1.8681,78.2,BB
BOND_0024,Corporate-IG,15,EUR,4,0,2024,2.1492,5585.3,BBB
BOND_0025,Municipal,20,EUR,2,1,2022,1.5521,43.5,AA
BOND_0026,Sovereign,2,USD,1,0,2022,0.9288,336.3,AAA
BOND_0027,Corporate-IG,2,USD,3,1,2020,2.3125,930.7,A
BOND_0028,Corporate-HY,20,JPY,7,1,2019,3.9028,173.3,CCC
BOND_0029,Sovereign,15,EUR,6,0,2021,2.9448,136.9,B
BOND_0030,Corporate-HY,20,GBP,7,0,2018,5.3341,677.1,CCC
BOND_0031,Sovereign,5,USD,7,1,2023,2.8832,545.2,CCC
BOND_0032,Sovereign,30,USD,2,0,2021,3.2373,489.5,AA
BOND_0033,Supranational,20,USD,3,1,2018,3.3627,1759.0,A
BOND_0034,Supranational,10,EUR,4,0,2018,2.6369,268.5,BBB
BOND_0035,Municipal,20,USD,7,0,2022,4.3974,783.6,CCC
BOND_0036,Corporate-IG,2,GBP,7,0,2018,3.5768,226.9,CCC
BOND_0037,Sovereign,10,EUR,5,0,2023,2.7145,135.7,BB
BOND_0038,Corporate-HY,2,JPY,2,1,2018,0.8841,316.5,AA
BOND_0039,Corporate-IG,3,USD,2,0,2020,1.9154,229.6,AA
BOND_0040,Sovereign,7,GBP,4,0,2021,3.1328,247.5,BBB
BOND_0041,Corporate-IG,2,GBP,6,0,2020,3.303,2786.3,B
BOND_0042,Sovereign,10,GBP,1,0,2023,1.335,331.4,AAA
BOND_0043,Supranational,3,GBP,5,1,2018,3.1416,179.5,BB
BOND_0044,Corporate-IG,2,GBP,2,1,2024,1.1289,506.0,AA
BOND_0045,Corporate-HY,5,EUR,5,0,2023,2.2519,567.3,BB
BOND_0046,Corporate-IG,20,USD,2,1,2022,2.6848,81.8,AA
BOND_0047,Corporate-IG,7,USD,5,1,2020,2.7265,310.1,BB
BOND_0048,Corporate-IG,2,JPY,3,0,2020,0.5516,291.9,A
BOND_0049,Sovereign,3,EUR,7,1,2019,3.0666,374.8,CCC
BOND_0050,Supranational,5,GBP,2,0,2018,1.9447,1440.6,AA
BOND_0051,Municipal,15,EUR,5,0,2022,2.7962,595.6,BB
BOND_0052,Supranational,3,USD,1,1,2024,0.8267,3060.7,AAA
BOND_0053,Supranational,20,USD,3,0,2020,3.9242,476.8,A
BOND_0054,Corporate-HY,3,EUR,3,1,2020,0.8506,6964.8,A
BOND_0055,Supranational,5,EUR,1,1,2022,0.7264,243.1,AAA
BOND_0056,Sovereign,3,USD,5,0,2023,2.4202,153.0,BB
BOND_0057,Sovereign,5,EUR,4,1,2023,1.7896,1102.6,BBB
BOND_0058,Sovereign,2,USD,1,0,2018,1.1308,3754.1,AAA
BOND_0059,Corporate-IG,30,EUR,5,0,2019,4.4562,61.3,BB
BOND_0060,Corporate-IG,5,USD,1,0,2020,1.3389,361.0,AAA
BOND_0061,Corporate-IG,5,GBP,1,1,2019,1.2417,194.1,AAA
BOND_0062,Municipal,7,USD,2,0,2023,1.1038,601.1,AA
BOND_0063,Corporate-IG,5,EUR,5,0,2023,2.0298,492.5,BB
BOND_0064,Corporate-IG,5,USD,4,1,2021,1.9437,3650.3,BBB
BOND_0065,Corporate-IG,15,USD,7,1,2024,4.2013,412.4,CCC
BOND_0066,Sovereign,30,USD,2,1,2018,3.3001,3814.9,AA
BOND_0067,Municipal,2,EUR,1,0,2021,0.7686,302.4,AAA
BOND_0068,Sovereign,20,EUR,7,0,2024,4.1289,1947.3,CCC
BOND_0069,Supranational,7,USD,6,0,2021,3.49,683.7,B
BOND_0070,Municipal,15,EUR,7,1,2021,3.2296,6498.4,CCC
BOND_0071,Sovereign,10,GBP,1,0,2018,1.8014,52.9,AAA
BOND_0072,Sovereign,30,GBP,1,0,2018,3.8461,84.7,AAA
BOND_0073,Municipal,2,USD,5,1,2022,2.2804,7569.8,BB
BOND_0074,Municipal,2,EUR,5,0,2019,1.9366,161.5,BB
BOND_0075,Municipal,10,USD,2,1,2019,1.9351,177.6,AA
BOND_0076,Municipal,20,USD,4,1,2022,3.4251,130.4,BBB
BOND_0077,Sovereign,5,JPY,2,1,2022,0.1797,2716.7,AA
BOND_0078,Corporate-IG,15,USD,3,0,2023,2.9701,74.0,A
BOND_0079,Sovereign,3,EUR,1,0,2024,0.2206,501.8,AAA
BOND_0080,Supranational,7,EUR,7,1,2021,3.0406,325.7,CCC
BOND_0081,Corporate-HY,3,EUR,6,1,2022,2.0078,2296.8,B
BOND_0082,Corporate-IG,10,EUR,1,1,2020,1.3065,208.3,AAA
BOND_0083,Sovereign,2,USD,1,0,2019,1.2985,904.5,AAA
BOND_0084,Corporate-IG,20,USD,2,1,2022,2.4204,83.7,AA
BOND_0085,Corporate-IG,2,EUR,6,1,2020,1.8281,14697.0,B
BOND_0086,Municipal,7,USD,6,1,2020,3.5595,338.7,B
BOND_0087,Corporate-HY,2,USD,6,1,2020,2.9426,491.6,B
BOND_0088,Supranational,2,USD,2,1,2023,1.2348,5805.8,AA
BOND_0089,Corporate-IG,7,USD,1,0,2023,1.7472,201.2,AAA
BOND_0090,Sovereign,15,USD,2,0,2020,2.492,5916.9,AA
BOND_0091,Municipal,15,USD,5,0,2024,3.1458,261.7,BB
BOND_0092,Municipal,7,EUR,5,0,2023,1.9158,1328.8,BB
BOND_0093,Corporate-HY,20,EUR,2,0,2021,2.2063,205.5,AA
BOND_0094,Municipal,10,GBP,6,0,2020,3.7482,63.5,B
BOND_0095,Corporate-IG,30,USD,1,0,2021,3.216,903.6,AAA
BOND_0096,Corporate-IG,2,USD,2,0,2021,1.877,1266.9,AA
BOND_0097,Corporate-IG,20,USD,2,0,2020,3.0497,67.4,AA
BOND_0098,Sovereign,2,EUR,2,1,2019,0.9755,306.1,AA
BOND_0099,Sovereign,30,EUR,3,1,2024,2.9163,2938.4,A
BOND_0100,Sovereign,10,USD,5,0,2020,3.38,1193.5,BB
BOND_0101,Corporate-HY,15,JPY,7,1,2020,3.2015,268.2,CCC
BOND_0102,Corporate-IG,20,USD,6,0,2023,4.2539,198.0,B
BOND_0103,Corporate-IG,5,EUR,4,0,2020,2.1462,9016.9,BBB
BOND_0104,Supranational,5,EUR,7,0,2019,3.2351,55.4,CCC
BOND_0105,Corporate-IG,30,GBP,6,0,2023,4.8109,443.9,B
BOND_0106,Corporate-IG,5,EUR,4,1,2018,1.5181,53.9,BBB
BOND_0107,Municipal,15,GBP,3,1,2018,3.4266,3486.7,A
BOND_0108,Corporate-IG,30,USD,2,0,2021,3.721,480.0,AA
BOND_0109,Sovereign,15,GBP,3,0,2024,2.6283,633.8,A
BOND_0110,Corporate-IG,10,USD,3,0,2021,1.9316,30878.9,A
BOND_0111,Sovereign,2,GBP,7,0,2019,3.974,199.2,CCC
BOND_0112,Supranational,10,EUR,1,0,2022,0.8604,6683.2,AAA
BOND_0113,Municipal,10,GBP,7,0,2024,3.6134,270.0,CCC
BOND_0114,Corporate-HY,15,EUR,5,1,2018,3.0227,341.8,BB
BOND_0115,Supranational,30,EUR,4,1,2021,3.3299,25380.9,BBB
BOND_0116,Municipal,30,EUR,2,0,2018,3.7472,381.0,AA
BOND_0117,Sovereign,5,EUR,7,1,2019,3.6589,61.7,CCC
BOND_0118,Supranational,3,USD,4,0,2019,2.3903,740.5,BBB
BOND_0119,Corporate-IG,2,USD,6,0,2022,2.6562,374.4,B
BOND_0120,Municipal,15,USD,4,0,2022,2.9869,841.5,BBB
BOND_0121,Supranational,5,USD,6,0,2023,2.8951,397.1,B
BOND_0122,Corporate-IG,20,GBP,7,1,2024,4.0793,13464.4,CCC
BOND_0123,Sovereign,3,USD,5,0,2019,2.7523,1118.3,BB
BOND_0124,Corporate-IG,3,JPY,7,0,2021,2.4859,96.7,CCC
BOND_0125,Corporate-IG,15,USD,6,0,2018,4.6054,584.8,B
BOND_0126,Municipal,7,USD,4,0,2020,2.6643,146.2,BBB
BOND_0127,Supranational,2,GBP,4,1,2022,1.5328,334.6,BBB
BOND_0128,Sovereign,3,EUR,6,0,2020,2.7461,123.8,B
BOND_0129,Corporate-IG,15,EUR,3,0,2021,2.2232,11443.4,A
BOND_0130,Corporate-IG,15,EUR,5,0,2022,3.4111,172.0,BB
BOND_0131,Corporate-IG,5,EUR,1,0,2020,1.2288,1360.8,AAA
BOND_0132,Sovereign,20,USD,2,0,2024,2.9393,298.6,AA
BOND_0133,Corporate-IG,7,JPY,4,1,2021,1.3898,85.4,BBB
BOND_0134,Supranational,2,JPY,2,0,2018,1.257,652.6,AA
BOND_0135,Corporate-IG,30,EUR,1,1,2024,2.4467,884.9,AAA
BOND_0136,Corporate-IG,10,USD,7,1,2021,4.433,1121.5,CCC
BOND_0137,Municipal,20,EUR,2,1,2023,1.9111,9.5,AA
BOND_0138,Corporate-IG,20,USD,1,0,2022,2.2104,76.1,AAA
BOND_0139,Supranational,5,USD,6,0,2019,3.4822,2040.2,B
BOND_0140,Supranational,30,USD,3,0,2018,4.3456,121.4,A
BOND_0141,Corporate-IG,3,EUR,4,1,2024,1.7637,657.8,BBB
BOND_0142,Corporate-IG,3,GBP,1,0,2024,0.6704,73.5,AAA
BOND_0143,Corporate-IG,5,EUR,2,0,2020,1.5494,1453.7,AA
BOND_0144,Corporate-IG,15,EUR,4,0,2022,2.8197,1961.4,BBB
BOND_0145,Sovereign,3,EUR,3,0,2019,1.476,1454.4,A
BOND_0146,Corporate-HY,7,USD,6,0,2021,3.5564,2283.2,B
BOND_0147,Corporate-IG,2,USD,7,0,2019,3.418,5066.2,CCC
BOND_0148,Sovereign,20,JPY,4,1,2022,3.1522,83.4,BBB
BOND_0149,Corporate-IG,20,USD,7,0,2022,3.9007,148.6,CCC
BOND_0150,Supranational,7,GBP,1,0,2023,1.3619,1864.6,AAA
BOND_0151,Corporate-IG,30,EUR,3,0,2023,2.7706,2643.4,A
BOND_0152,Sovereign,3,EUR,2,0,2019,1.0723,176.4,AA
BOND_0153,Corporate-IG,20,EUR,3,0,2021,2.6743,159.0,A
BOND_0154,Supranational,10,EUR,3,1,2019,2.5163,182.4,A
BOND_0155,Corporate-IG,30,GBP,5,0,2022,4.4924,43.7,BB
BOND_0156,Corporate-HY,2,JPY,3,1,2022,1.0327,72.1,A
BOND_0157,Municipal,2,EUR,3,0,2020,1.0064,74.7,A
BOND_0158,Corporate-IG,20,USD,4,0,2023,3.804,312.1,BBB
BOND_0159,Municipal,5,EUR,2,1,2020,1.029,728.3,AA
BOND_0160,Corporate-IG,30,JPY,4,0,2018,3.722,929.5,BBB
BOND_0161,Corporate-HY,20,USD,4,0,2022,3.3991,226.3,BBB
BOND_0162,Corporate-HY,5,EUR,1,0,2020,1.1847,234.7,AAA
BOND_0163,Corporate-IG,20,EUR,4,0,2019,3.6263,584.0,BBB
BOND_0164,Sovereign,10,EUR,5,1,2023,2.5862,51.4,BB
BOND_0165,Municipal,30,USD,5,0,2023,4.2544,2046.0,BB
BOND_0166,Corporate-IG,15,EUR,7,1,2021,3.6512,3336.1,CCC
BOND_0167,Sovereign,2,JPY,1,1,2019,0.1,189.8,AAA
BOND_0168,Sovereign,20,USD,7,0,2021,4.1256,266.9,CCC
BOND_0169,Corporate-HY,10,USD,7,1,2020,4.4503,3132.1,CCC
BOND_0170,Corporate-HY,5,JPY,6,0,2024,1.8017,403.4,B
BOND_0171,Sovereign,5,USD,2,1,2018,1.7371,1172.5,AA
BOND_0172,Corporate-IG,2,GBP,2,0,2019,2.0088,422.4,AA
BOND_0173,Corporate-IG,7,EUR,4,1,2019,2.106,5008.8,BBB
BOND_0174,Corporate-HY,20,USD,4,0,2019,3.5479,1011.9,BBB
BOND_0175,Sovereign,30,GBP,6,0,2021,5.1326,1103.2,B
BOND_0176,Corporate-HY,3,EUR,4,0,2020,1.5002,1134.5,BBB
BOND_0177,Corporate-IG,5,EUR,2,1,2019,1.3631,211.0,AA
BOND_0178,Supranational,30,USD,7,0,2024,5.1879,242.2,CCC
BOND_0179,Sovereign,30,EUR,3,0,2019,3.5478,1538.2,A
BOND_0180,Corporate-IG,15,USD,5,1,2023,3.1587,586.5,BB
BOND_0181,Sovereign,30,USD,3,1,2018,4.1995,82.9,A
BOND_0182,Supranational,30,JPY,3,1,2023,2.7727,8055.8,A
BOND_0183,Supranational,15,USD,2,1,2023,2.0273,2104.0,AA
BOND_0184,Corporate-IG,5,EUR,3,1,2018,1.6247,513.3,A
BOND_0185,Corporate-HY,30,USD,6,1,2024,4.7738,321.9,B
BOND_0186,Municipal,7,GBP,1,0,2020,1.4053,653.6,AAA
BOND_0187,Corporate-HY,7,USD,4,0,2023,2.3693,1054.4,BBB
BOND_0188,Corporate-IG,10,JPY,1,1,2020,0.4267,23.0,AAA
BOND_0189,Corporate-IG,15,EUR,7,0,2023,4.0014,11533.5,CCC
BOND_0190,Sovereign,10,USD,5,0,2022,3.129,148.4,BB
BOND_0191,Supranational,15,USD,4,0,2018,3.3488,483.8,BBB
BOND_0192,Supranational,20,USD,3,1,2023,3.0684,511.2,A
BOND_0193,Corporate-HY,20,EUR,5,0,2022,3.3777,9698.9,BB
BOND_0194,Corporate-IG,30,USD,4,0,2021,3.8799,425.1,BBB
BOND_0195,Corporate-IG,3,GBP,6,0,2022,3.0423,5256.7,B
BOND_0196,Municipal,20,EUR,6,0,2019,3.7941,893.0,B
BOND_0197,Supranational,3,USD,6,0,2023,3.1203,114.6,B
BOND_0198,Supranational,20,EUR,6,0,2022,3.7275,593.8,B
BOND_0199,Municipal,2,EUR,3,0,2020,1.594,406.2,A
BOND_0200,Corporate-HY,20,USD,1,1,2021,2.1237,95.4,AAA
BOND_0201,Sovereign,10,USD,4,0,2024,2.521,829.7,BBB
BOND_0202,Sovereign,5,USD,3,1,2023,2.1016,501.5,A
BOND_0203,Supranational,30,EUR,6,1,2019,4.7732,1117.8,B
BOND_0204,Corporate-HY,10,EUR,7,0,2024,3.0228,648.4,CCC
BOND_0205,Sovereign,5,EUR,1,1,2022,0.7355,182.7,AAA
BOND_0206,Sovereign,7,GBP,7,0,2024,3.6507,1536.1,CCC
BOND_0207,Corporate-HY,10,GBP,5,1,2024,2.7155,190.2,BB
BOND_0208,Sovereign,7,EUR,7,0,2021,2.6644,4.6,CCC
BOND_0209,Sovereign,3,GBP,5,1,2024,2.1052,588.4,BB
BOND_0210,Corporate-IG,3,USD,5,0,2024,2.5432,211.3,BB
BOND_0211,Corporate-HY,2,USD,6,0,2023,2.5275,860.6,B
BOND_0212,Corporate-HY,20,USD,5,0,2021,3.9967,9728.3,BB
BOND_0213,Corporate-IG,10,USD,2,1,2019,1.9499,10158.8,AA
BOND_0214,Municipal,7,EUR,4,1,2022,1.3238,378.7,BBB
BOND_0215,Corporate-IG,5,JPY,4,0,2021,1.1974,140.4,BBB
BOND_0216,Corporate-IG,3,USD,6,0,2021,3.2419,1166.2,B
BOND_0217,Municipal,20,USD,2,0,2018,2.3889,278.4,AA
BOND_0218,Corporate-HY,3,EUR,7,1,2021,2.9719,873.2,CCC
BOND_0219,Municipal,5,JPY,3,0,2018,0.9442,180.0,A
BOND_0220,Corporate-HY,20,USD,7,1,2022,4.8092,706.6,CCC
BOND_0221,Corporate-HY,20,EUR,3,0,2024,2.6143,143.5,A
BOND_0222,Sovereign,7,USD,5,0,2023,2.7084,2866.6,BB
BOND_0223,Corporate-IG,7,USD,1,0,2023,1.1091,200.2,AAA
BOND_0224,Corporate-IG,10,JPY,3,0,2022,1.0581,1307.9,A
BOND_0225,Corporate-IG,10,JPY,1,0,2022,0.1,72.8,AAA
BOND_0226,Supranational,15,USD,4,0,2020,3.8094,1566.0,BBB
BOND_0227,Corporate-IG,30,JPY,1,1,2024,1.5888,113.9,AAA
BOND_0228,Supranational,15,EUR,4,0,2022,3.0703,717.8,BBB
BOND_0229,Corporate-HY,2,GBP,2,0,2021,1.1021,2251.4,AA
BOND_0230,Municipal,3,EUR,2,0,2023,0.8976,359.4,AA
BOND_0231,Corporate-IG,10,EUR,6,0,2019,2.9587,103.6,B
BOND_0232,Corporate-HY,7,EUR,6,0,2023,2.817,1022.2,B
BOND_0233,Corporate-IG,5,EUR,5,0,2018,2.5023,137.4,BB
BOND_0234,Sovereign,7,USD,3,0,2023,1.8662,264.6,A
BOND_0235,Municipal,3,USD,5,0,2020,2.923,722.5,BB
BOND_0236,Corporate-IG,15,USD,4,0,2024,2.7593,3735.0,BBB
BOND_0237,Sovereign,7,EUR,5,0,2022,1.9316,504.9,BB
BOND_0238,Corporate-HY,30,USD,1,0,2024,3.1284,502.1,AAA
BOND_0239,Sovereign,2,EUR,4,0,2022,1.2162,1466.7,BBB
BOND_0240,Supranational,3,JPY,6,1,2023,1.9465,523.2,B
BOND_0241,Supranational,15,USD,2,0,2019,2.8919,1258.6,AA
BOND_0242,Supranational,30,EUR,6,1,2019,4.7119,2446.2,B
BOND_0243,Corporate-IG,5,EUR,3,0,2020,1.9547,296.7,A
BOND_0244,Sovereign,15,GBP,4,1,2018,3.6169,3.6,BBB
BOND_0245,Supranational,20,USD,4,1,2023,3.1714,142.3,BBB
BOND_0246,Corporate-IG,30,EUR,1,0,2022,3.0204,2973.6,AAA
BOND_0247,Supranational,30,GBP,3,1,2023,3.4575,461.2,A
BOND_0248,Supranational,2,JPY,2,0,2020,0.347,291.7,AA
BOND_0249,Supranational,3,EUR,7,0,2021,2.8781,2792.4,CCC
BOND_0250,Corporate-IG,5,EUR,4,1,2021,2.0033,416.8,BBB
BOND_0251,Corporate-IG,2,EUR,4,1,2020,2.0464,21.0,BBB
BOND_0252,Supranational,15,GBP,1,0,2022,2.2158,50.7,AAA
BOND_0253,Corporate-IG,2,EUR,5,0,2024,1.8271,909.1,BB
BOND_0254,Sovereign,30,USD,2,0,2020,3.6159,438.8,AA
BOND_0255,Corporate-HY,3,JPY,6,0,2022,1.3922,4300.4,B
BOND_0256,Supranational,10,EUR,3,1,2019,1.6406,161.5,A
BOND_0257,Corporate-HY,2,EUR,4,0,2020,2.29,305.0,BBB
BOND_0258,Corporate-HY,20,USD,4,0,2022,2.9492,128.7,BBB
BOND_0259,Sovereign,2,EUR,6,0,2020,2.3247,222.2,B
BOND_0260,Corporate-HY,15,USD,2,0,2020,2.8434,28.4,AA
BOND_0261,Supranational,15,EUR,5,0,2024,2.8629,272.0,BB
BOND_0262,Sovereign,5,USD,4,0,2024,2.3784,448.8,BBB
BOND_0263,Corporate-IG,15,EUR,2,1,2022,1.9292,395.4,AA
BOND_0264,Supranational,7,JPY,6,1,2022,2.6745,12195.5,B
BOND_0265,Municipal,3,USD,1,0,2018,1.4286,7591.0,AAA
BOND_0266,Corporate-HY,3,JPY,5,1,2020,1.8884,157.3,BB
BOND_0267,Municipal,10,EUR,3,1,2021,1.6218,22.6,A
BOND_0268,Corporate-IG,10,GBP,4,1,2020,3.0378,418.1,BBB
BOND_0269,Corporate-IG,3,GBP,2,0,2020,1.4212,853.4,AA
BOND_0270,Municipal,20,EUR,1,0,2022,1.6641,133.5,AAA
BOND_0271,Municipal,10,EUR,3,0,2020,2.2684,143.7,A
BOND_0272,Supranational,5,GBP,7,0,2023,3.6705,5209.9,CCC
BOND_0273,Supranational,15,EUR,2,0,2020,2.5065,329.7,AA
BOND_0274,Corporate-IG,3,USD,2,0,2023,1.727,1310.1,AA
BOND_0275,Corporate-IG,30,EUR,3,0,2024,3.4752,120.2,A
BOND_0276,Municipal,10,GBP,1,1,2021,1.0319,445.4,AAA
BOND_0277,Corporate-HY,3,GBP,7,0,2022,3.8883,292.9,CCC
BOND_0278,Municipal,7,GBP,6,0,2020,3.7354,176.2,B
BOND_0279,Municipal,2,EUR,1,1,2023,0.1,2744.7,AAA
BOND_0280,Supranational,15,GBP,5,1,2023,3.5544,60.4,BB
BOND_0281,Corporate-IG,3,USD,4,1,2024,1.5666,761.0,BBB
BOND_0282,Corporate-IG,2,EUR,3,1,2023,1.2271,284.8,A
BOND_0283,Sovereign,10,USD,6,0,2019,3.4051,903.9,B
BOND_0284,Corporate-HY,2,USD,7,1,2018,3.3699,290.7,CCC
BOND_0285,Sovereign,15,USD,3,0,2021,3.013,1781.6,A
BOND_0286,Corporate-IG,3,USD,3,0,2024,1.8619,118.5,A
BOND_0287,Corporate-IG,7,EUR,1,0,2024,0.6576,2754.0,AAA
BOND_0288,Corporate-IG,20,USD,4,0,2020,3.6141,464.7,BBB
BOND_0289,Corporate-HY,10,EUR,5,0,2019,2.2655,66.1,BB
BOND_0290,Sovereign,3,USD,2,0,2020,1.4773,1345.9,AA
BOND_0291,Sovereign,15,USD,2,1,2020,2.599,360.0,AA
BOND_0292,Municipal,10,USD,3,0,2022,2.205,37.4,A
BOND_0293,Corporate-IG,5,USD,4,0,2022,2.2932,798.9,BBB
BOND_0294,Sovereign,2,EUR,7,1,2022,2.6296,2196.0,CCC
BOND_0295,Corporate-IG,20,EUR,7,0,2019,4.4035,3319.9,CCC
BOND_0296,Municipal,15,EUR,6,0,2020,3.6228,275.1,B
BOND_0297,Corporate-IG,5,EUR,1,1,2018,0.8519,603.3,AAA
BOND_0298,Corporate-HY,30,USD,4,0,2021,4.833,523.4,BBB
BOND_0299,Sovereign,3,GBP,4,0,2022,1.4781,4533.2,BBB
BOND_0300,Sovereign,7,EUR,1,1,2022,0.5519,143.8,AAA
BOND_0301,Corporate-IG,10,EUR,7,0,2024,2.9389,241.7,CCC
BOND_0302,Corporate-IG,2,USD,7,0,2020,3.5257,138.7,CCC
BOND_0303,Corporate-HY,10,USD,7,1,2020,4.093,55.2,CCC
BOND_0304,Municipal,20,USD,3,1,2019,3.8221,703.6,A
BOND_0305,Supranational,3,USD,4,0,2019,3.0253,5358.5,BBB
BOND_0306,Corporate-IG,10,EUR,2,0,2022,1.1681,360.2,AA
BOND_0307,Corporate-IG,2,EUR,1,0,2020,0.5602,129.2,AAA
BOND_0308,Municipal,3,EUR,7,0,2018,3.2989,642.1,CCC
BOND_0309,Corporate-IG,10,GBP,6,0,2021,3.3607,1174.0,B
BOND_0310,Corporate-IG,7,GBP,7,0,2020,4.0485,383.7,CCC
BOND_0311,Sovereign,15,EUR,7,1,2024,3.4775,3983.0,CCC
BOND_0312,Sovereign,3,JPY,5,0,2020,1.4197,143.4,BB
BOND_0313,Supranational,15,USD,3,0,2023,2.5161,315.5,A
BOND_0314,Municipal,30,USD,1,0,2019,3.1007,756.3,AAA
BOND_0315,Corporate-HY,3,USD,5,1,2024,2.5764,874.7,BB
BOND_0316,Corporate-IG,7,EUR,5,0,2021,3.0305,520.8,BB
BOND_0317,Sovereign,15,GBP,6,0,2022,3.9734,71.3,B
BOND_0318,Sovereign,5,USD,4,1,2024,2.0646,16179.6,BBB
BOND_0319,Corporate-IG,2,JPY,6,0,2020,2.1057,340.5,B
BOND_0320,Corporate-IG,5,USD,4,0,2022,2.6547,572.4,BBB
BOND_0321,Municipal,10,JPY,4,0,2020,2.2482,1223.7,BBB
BOND_0322,Corporate-HY,7,USD,1,0,2022,1.2253,186.7,AAA
BOND_0323,Corporate-IG,5,USD,7,0,2021,3.6758,528.4,CCC
BOND_0324,Supranational,3,EUR,1,0,2019,0.9358,175.7,AAA
BOND_0325,Municipal,10,USD,3,0,2021,2.0587,904.9,A
BOND_0326,Corporate-HY,10,USD,4,0,2023,2.9638,320.7,BBB
BOND_0327,Corporate-HY,5,USD,5,1,2018,3.5502,726.0,BB
BOND_0328,Corporate-IG,30,GBP,7,1,2019,6.0895,101.0,CCC
BOND_0329,Corporate-IG,5,EUR,2,1,2021,0.7049,139.9,AA
BOND_0330,Corporate-IG,30,USD,3,1,2023,3.1656,62.6,A
BOND_0331,Municipal,7,EUR,1,0,2018,1.3726,167.1,AAA
BOND_0332,Sovereign,2,EUR,6,1,2023,1.9869,10.2,B
BOND_0333,Sovereign,5,USD,3,0,2020,2.1861,306.1,A
BOND_0334,Sovereign,20,EUR,3,1,2020,3.2026,217.7,A
BOND_0335,Sovereign,30,USD,7,1,2022,5.2376,608.4,CCC
BOND_0336,Supranational,5,USD,3,1,2019,2.052,518.7,A
BOND_0337,Municipal,15,EUR,3,1,2020,2.4556,3197.5,A
BOND_0338,Corporate-IG,3,USD,2,0,2024,0.7507,23764.7,AA
BOND_0339,Sovereign,20,EUR,6,0,2023,3.4726,2672.6,B
BOND_0340,Corporate-IG,20,EUR,6,0,2019,4.1075,245.9,B
BOND_0341,Corporate-IG,30,USD,6,0,2024,4.8099,231.5,B
BOND_0342,Sovereign,15,EUR,4,0,2020,2.9825,1785.6,BBB
BOND_0343,Corporate-IG,15,USD,5,0,2022,4.3298,38.8,BB
BOND_0344,Corporate-IG,10,JPY,6,1,2021,2.5779,302.4,B
BOND_0345,Corporate-HY,30,EUR,3,0,2022,3.1475,339.4,A
BOND_0346,Corporate-HY,2,GBP,3,1,2024,1.812,1165.2,A
BOND_0347,Sovereign,3,EUR,6,1,2018,2.3113,1218.4,B
BOND_0348,Corporate-IG,7,USD,7,1,2020,3.3875,158.8,CCC
BOND_0349,Corporate-HY,20,EUR,6,1,2024,3.3642,260.6,B
BOND_0350,Corporate-IG,7,JPY,3,0,2018,1.3751,945.9,A
BOND_0351,Supranational,5,EUR,4,1,2018,1.9937,146.4,BBB
BOND_0352,Corporate-HY,5,GBP,1,1,2023,0.9333,2962.1,AAA
BOND_0353,Sovereign,7,GBP,1,0,2019,1.6424,1209.9,AAA
BOND_0354,Sovereign,5,USD,6,0,2023,3.3207,627.5,B
BOND_0355,Corporate-HY,2,USD,2,1,2020,1.4273,872.1,AA
BOND_0356,Sovereign,15,EUR,6,0,2018,3.6314,240.8,B
BOND_0357,Corporate-HY,5,EUR,7,0,2024,3.1044,189.6,CCC
BOND_0358,Supranational,10,GBP,6,1,2021,3.3063,256.6,B
BOND_0359,Corporate-HY,5,JPY,1,0,2018,0.1,1027.0,AAA
BOND_0360,Corporate-IG,3,USD,3,0,2024,1.9018,655.9,A
BOND_0361,Corporate-HY,2,USD,6,1,2021,3.2678,257.3,B
BOND_0362,Corporate-IG,3,GBP,3,0,2023,1.4023,1493.5,A
BOND_0363,Corporate-IG,3,USD,3,0,2023,1.5203,373.7,A
BOND_0364,Supranational,10,GBP,2,0,2019,1.9249,171.5,AA
BOND_0365,Corporate-IG,2,EUR,3,0,2024,1.058,710.5,A
BOND_0366,Supranational,2,EUR,1,1,2018,1.2408,106.2,AAA
BOND_0367,Supranational,30,USD,4,0,2022,4.5109,38.6,BBB
BOND_0368,Sovereign,2,EUR,4,0,2023,1.7707,481.5,BBB
BOND_0369,Sovereign,2,EUR,5,0,2023,2.1059,181.0,BB
BOND_0370,Sovereign,2,EUR,7,0,2019,3.06,331.4,CCC
BOND_0371,Sovereign,10,USD,6,1,2021,3.8904,113.8,B
BOND_0372,Sovereign,5,EUR,7,1,2019,3.4865,2974.7,CCC
BOND_0373,Corporate-HY,30,GBP,1,0,2018,3.9318,179.9,AAA
BOND_0374,Sovereign,3,USD,3,0,2024,1.4021,253.8,A
BOND_0375,Corporate-IG,2,USD,4,0,2020,1.7386,855.2,BBB
BOND_0376,Municipal,20,USD,7,0,2020,5.2136,61.5,CCC
BOND_0377,Sovereign,5,EUR,1,1,2024,0.4331,55.1,AAA
BOND_0378,Municipal,5,EUR,4,0,2021,1.8112,859.1,BBB
BOND_0379,Corporate-IG,3,EUR,3,0,2023,1.068,248.9,A
BOND_0380,Sovereign,10,USD,7,0,2021,4.7664,125.5,CCC
BOND_0381,Corporate-HY,7,USD,4,1,2023,2.1136,1199.4,BBB
BOND_0382,Corporate-HY,7,EUR,6,1,2023,2.3405,143.5,B
BOND_0383,Supranational,5,EUR,6,0,2020,2.8256,321.4,B
BOND_0384,Municipal,15,JPY,5,1,2021,2.8924,126.5,BB
BOND_0385,Municipal,15,USD,5,0,2019,4.4835,764.8,BB
BOND_0386,Corporate-IG,3,EUR,4,0,2023,1.7372,3578.2,BBB
BOND_0387,Sovereign,7,EUR,1,1,2022,0.3712,29.8,AAA
BOND_0388,Municipal,5,EUR,6,1,2022,3.1244,574.5,B
BOND_0389,Municipal,10,EUR,1,1,2019,1.2592,1753.5,AAA
BOND_0390,Supranational,7,EUR,1,0,2022,0.5087,257.8,AAA
BOND_0391,Corporate-IG,5,JPY,4,0,2018,1.3762,88.9,BBB
BOND_0392,Corporate-IG,5,USD,1,1,2023,1.1755,912.3,AAA
BOND_0393,Municipal,2,USD,6,0,2019,3.2316,2179.8,B
BOND_0394,Corporate-IG,10,EUR,3,0,2021,2.0035,1845.1,A
BOND_0395,Supranational,2,EUR,5,0,2023,2.246,840.0,BB
BOND_0396,Supranational,3,USD,3,1,2019,1.7517,561.9,A
BOND_0397,Corporate-IG,2,USD,1,0,2020,1.4698,126.0,AAA
BOND_0398,Municipal,20,USD,3,0,2021,3.0443,1776.4,A
BOND_0399,Municipal,2,GBP,6,1,2020,3.6792,1635.0,B
BOND_0400,Sovereign,20,USD,6,0,2023,4.3796,88.0,B
BOND_0401,Supranational,7,USD,1,0,2021,1.0839,838.2,AAA
BOND_0402,Corporate-IG,15,USD,4,0,2022,2.4924,1291.7,BBB
BOND_0403,Municipal,30,USD,3,0,2019,4.4427,1821.9,A
BOND_0404,Corporate-IG,30,USD,4,0,2023,4.0877,433.5,BBB
BOND_0405,Supranational,5,EUR,4,0,2018,2.1533,134.0,BBB
BOND_0406,Corporate-IG,30,USD,2,1,2021,3.7829,228.4,AA
BOND_0407,Sovereign,20,GBP,1,0,2021,2.7031,107.1,AAA
BOND_0408,Supranational,10,USD,5,1,2024,3.2184,449.4,BB
BOND_0409,Sovereign,2,EUR,6,0,2023,1.9075,335.0,B
BOND_0410,Corporate-IG,20,GBP,6,0,2023,4.6278,12113.1,B
BOND_0411,Supranational,10,EUR,1,0,2020,1.0263,1856.6,AAA
BOND_0412,Supranational,15,EUR,7,0,2024,2.9231,2077.3,CCC
BOND_0413,Corporate-HY,30,USD,7,1,2022,5.1038,983.9,CCC
BOND_0414,Corporate-HY,15,USD,7,0,2020,4.5654,279.6,CCC
BOND_0415,Corporate-IG,30,EUR,5,0,2024,3.7064,321.0,BB
BOND_0416,Corporate-IG,2,JPY,6,1,2020,1.9364,368.2,B
BOND_0417,Corporate-IG,3,EUR,1,1,2022,0.4812,643.4,AAA
BOND_0418,Corporate-HY,2,EUR,6,1,2024,2.0403,869.8,B
BOND_0419,Municipal,7,EUR,4,0,2024,1.6117,485.7,BBB
BOND_0420,Municipal,20,EUR,3,1,2018,2.5308,313.7,A
BOND_0421,Municipal,5,USD,3,0,2020,2.1066,199.0,A
BOND_0422,Sovereign,3,EUR,6,0,2020,2.0205,60.1,B
BOND_0423,Corporate-IG,2,JPY,2,0,2021,0.1542,3326.1,AA
BOND_0424,Sovereign,10,USD,5,0,2022,2.8217,13263.7,BB
BOND_0425,Corporate-IG,3,EUR,7,0,2019,3.0682,2932.2,CCC
BOND_0426,Corporate-IG,20,USD,5,0,2018,4.236,73.4,BB
BOND_0427,Supranational,30,EUR,5,1,2024,4.2402,1579.7,BB
BOND_0428,Corporate-IG,3,USD,4,0,2024,2.415,2253.3,BBB
BOND_0429,Sovereign,30,EUR,5,0,2024,3.6647,264.9,BB
BOND_0430,Sovereign,20,GBP,3,0,2018,4.0978,1010.2,A
BOND_0431,Municipal,2,USD,4,1,2024,1.5641,244.7,BBB
BOND_0432,Corporate-HY,20,EUR,1,0,2024,1.6518,4807.3,AAA
BOND_0433,Sovereign,3,GBP,5,0,2022,2.6933,839.3,BB
BOND_0434,Sovereign,10,JPY,5,1,2023,2.6803,122.6,BB
BOND_0435,Municipal,15,USD,1,1,2023,1.6175,1325.0,AAA
BOND_0436,Sovereign,3,USD,5,0,2021,2.101,2374.8,BB
BOND_0437,Municipal,20,USD,1,1,2021,2.7874,653.1,AAA
BOND_0438,Municipal,15,JPY,4,1,2024,1.6092,995.9,BBB
BOND_0439,Sovereign,20,JPY,3,1,2022,1.938,437.0,A
BOND_0440,Sovereign,10,EUR,1,0,2024,0.4647,88.5,AAA
BOND_0441,Supranational,20,GBP,2,1,2021,2.6412,386.4,AA
BOND_0442,Corporate-IG,2,EUR,1,0,2018,0.5079,1063.2,AAA
BOND_0443,Corporate-IG,5,EUR,5,0,2018,2.8029,400.4,BB
BOND_0444,Municipal,30,USD,7,0,2019,5.8242,1612.7,CCC
BOND_0445,Supranational,30,GBP,7,0,2023,5.1957,269.4,CCC
BOND_0446,Supranational,3,USD,4,0,2022,2.4388,297.3,BBB
BOND_0447,Municipal,5,GBP,6,1,2020,3.3043,1687.8,B
BOND_0448,Corporate-IG,20,GBP,4,0,2023,2.8462,676.7,BBB
BOND_0449,Sovereign,10,EUR,6,0,2020,3.4759,261.6,B
BOND_0450,Municipal,3,USD,7,0,2019,3.6955,2287.5,CCC
BOND_0451,Corporate-HY,20,USD,7,0,2019,5.4172,172.7,CCC
BOND_0452,Corporate-IG,15,USD,1,1,2024,1.653,163.1,AAA
BOND_0453,Supranational,7,USD,3,0,2021,1.9225,7.0,A
BOND_0454,Sovereign,20,USD,2,0,2019,2.9387,211.4,AA
BOND_0455,Corporate-IG,5,JPY,4,0,2019,1.8412,3455.0,BBB
BOND_0456,Sovereign,3,EUR,5,0,2020,2.0088,21.7,BB
BOND_0457,Corporate-IG,5,USD,6,0,2021,3.0679,116.4,B
BOND_0458,Sovereign,3,USD,5,1,2019,2.737,937.4,BB
BOND_0459,Sovereign,20,EUR,3,1,2023,2.1088,16.7,A
BOND_0460,Sovereign,2,EUR,6,0,2019,2.4331,225.5,B
BOND_0461,Corporate-HY,15,EUR,4,1,2021,2.713,2685.9,BBB
BOND_0462,Municipal,20,JPY,1,1,2024,1.3759,10394.5,AAA
BOND_0463,Corporate-HY,30,EUR,5,1,2022,4.2377,749.8,BB
BOND_0464,Supranational,5,JPY,3,0,2021,0.9862,120.9,A
BOND_0465,Corporate-IG,7,GBP,4,0,2020,2.4106,114.9,BBB
BOND_0466,Corporate-IG,7,USD,7,0,2022,3.9885,603.0,CCC
BOND_0467,Supranational,10,JPY,7,1,2023,2.8486,739.5,CCC
BOND_0468,Corporate-IG,3,USD,4,1,2018,2.2621,7874.5,BBB
BOND_0469,Supranational,5,GBP,4,0,2021,2.6696,2081.2,BBB
BOND_0470,Sovereign,10,USD,4,0,2024,2.6679,550.4,BBB
BOND_0471,Supranational,5,GBP,6,1,2020,2.9825,293.4,B
BOND_0472,Sovereign,30,GBP,4,1,2023,4.0855,44647.7,BBB
BOND_0473,Supranational,3,GBP,5,1,2022,2.3436,1241.9,BB
BOND_0474,Corporate-IG,20,GBP,3,1,2023,3.7284,177.9,A
BOND_0475,Supranational,20,USD,6,0,2021,4.5595,346.4,B
BOND_0476,Sovereign,7,USD,4,0,2019,2.816,130.1,BBB
BOND_0477,Corporate-HY,20,EUR,2,1,2024,2.1004,13.2,AA
BOND_0478,Supranational,20,USD,2,0,2021,3.2137,775.5,AA
BOND_0479,Corporate-IG,30,EUR,3,0,2018,3.775,7031.6,A
BOND_0480,Corporate-HY,2,USD,7,1,2021,3.1266,42.0,CCC
BOND_0481,Corporate-HY,7,JPY,1,0,2022,0.5133,527.1,AAA
BOND_0482,Corporate-IG,10,EUR,1,1,2022,0.8907,168.0,AAA
BOND_0483,Corporate-HY,15,GBP,7,0,2021,4.079,1060.8,CCC
BOND_0484,Corporate-HY,2,USD,6,1,2022,2.4524,374.7,B
BOND_0485,Supranational,10,GBP,6,0,2019,4.2588,63.1,B
BOND_0486,Sovereign,3,JPY,6,0,2023,1.8795,111.4,B
BOND_0487,Corporate-IG,2,EUR,1,0,2021,0.2831,139.6,AAA
BOND_0488,Supranational,30,EUR,2,0,2024,2.7297,3644.5,AA
BOND_0489,Supranational,10,GBP,1,1,2019,1.9855,3375.8,AAA
BOND_0490,Corporate-IG,3,USD,5,1,2023,2.3522,304.1,BB
BOND_0491,Corporate-HY,7,EUR,4,0,2024,1.3252,3060.1,BBB
BOND_0492,Corporate-IG,15,USD,6,0,2024,3.7978,374.2,B
BOND_0493,Sovereign,3,USD,2,0,2024,1.5025,297.2,AA
BOND_0494,Corporate-IG,20,USD,3,0,2023,3.3424,528.6,A
BOND_0495,Corporate-IG,5,USD,3,1,2019,2.0208,743.8,A
BOND_0496,Corporate-HY,3,USD,4,1,2024,2.2965,210.9,BBB
BOND_0497,Sovereign,3,USD,2,1,2024,1.1417,501.3,AA
BOND_0498,Supranational,15,JPY,1,1,2020,1.4144,1580.5,AAA
BOND_0499,Supranational,5,EUR,1,0,2021,0.8721,589.2,AAA
BOND_0500,Corporate-HY,20,JPY,5,1,2023,2.2765,517.3,BB
BOND_0501,Corporate-IG,10,EUR,5,1,2023,2.9358,1018.2,BB
BOND_0502,Corporate-IG,10,USD,1,1,2022,1.4638,1318.9,AAA
BOND_0503,Municipal,3,EUR,3,1,2023,1.2932,441.7,A
BOND_0504,Corporate-HY,30,EUR,6,0,2019,4.4968,238.2,B
BOND_0505,Sovereign,30,USD,3,1,2023,3.9289,644.4,A
BOND_0506,Supranational,5,EUR,5,0,2020,2.7309,44.4,BB
BOND_0507,Municipal,5,USD,4,0,2021,2.9806,353.9,BBB
BOND_0508,Supranational,20,EUR,1,0,2021,2.3201,11.9,AAA
BOND_0509,Municipal,15,EUR,5,1,2023,3.0018,39.3,BB
BOND_0510,Corporate-HY,7,USD,5,1,2024,2.1123,31.3,BB
BOND_0511,Corporate-IG,10,USD,6,1,2018,3.8903,2334.4,B
BOND_0512,Supranational,15,GBP,1,1,2018,2.0142,495.4,AAA
BOND_0513,Supranational,2,EUR,6,0,2024,2.2305,73.1,B
BOND_0514,Sovereign,10,USD,1,1,2024,0.8865,1013.4,AAA
BOND_0515,Sovereign,15,JPY,6,0,2024,2.6369,2137.7,B
BOND_0516,Corporate-IG,10,USD,3,0,2019,2.4448,1040.3,A
BOND_0517,Municipal,7,EUR,4,0,2018,2.1956,365.6,BBB
BOND_0518,Supranational,2,JPY,4,1,2024,0.6812,687.6,BBB
BOND_0519,Sovereign,30,USD,1,1,2019,3.3217,1875.7,AAA
BOND_0520,Corporate-HY,30,USD,2,0,2022,3.5859,240.0,AA
BOND_0521,Corporate-IG,7,USD,7,0,2019,3.2105,507.4,CCC
BOND_0522,Supranational,20,USD,5,1,2018,3.4918,329.9,BB
BOND_0523,Municipal,2,USD,5,0,2023,2.2584,43.1,BB
BOND_0524,Municipal,3,EUR,1,1,2022,0.323,1918.6,AAA
BOND_0525,Corporate-IG,15,USD,6,1,2018,4.3177,10619.0,B
BOND_0526,Corporate-IG,2,EUR,2,0,2019,0.8417,130.8,AA
BOND_0527,Corporate-IG,20,JPY,3,0,2020,2.3028,2056.0,A
BOND_0528,Sovereign,20,GBP,6,1,2021,4.3502,137.2,B
BOND_0529,Supranational,7,EUR,6,1,2018,2.8777,592.1,B
BOND_0530,Municipal,10,USD,1,0,2024,1.604,4658.8,AAA
BOND_0531,Supranational,2,EUR,1,1,2019,0.6685,222.3,AAA
BOND_0532,Supranational,15,EUR,5,0,2024,2.9641,474.6,BB
BOND_0533,Corporate-HY,2,EUR,1,0,2024,0.1807,32.5,AAA
BOND_0534,Municipal,5,USD,1,1,2024,1.4496,179.1,AAA
BOND_0535,Supranational,10,GBP,1,1,2024,1.4045,27.8,AAA
BOND_0536,Municipal,15,EUR,5,0,2024,2.6536,923.6,BB
BOND_0537,Corporate-IG,30,USD,3,1,2022,4.0564,1689.1,A
BOND_0538,Corporate-IG,15,USD,3,0,2018,2.6087,347.9,A
BOND_0539,Sovereign,3,EUR,7,0,2018,3.2759,745.0,CCC
BOND_0540,Supranational,7,GBP,7,0,2021,3.8557,297.6,CCC
BOND_0541,Corporate-HY,3,EUR,1,1,2019,0.6868,1473.4,AAA
BOND_0542,Corporate-IG,15,GBP,7,0,2020,4.3999,589.2,CCC
BOND_0543,Corporate-HY,10,USD,5,0,2022,2.7963,24.7,BB
BOND_0544,Corporate-HY,2,EUR,3,0,2019,1.2232,1987.2,A
BOND_0545,Corporate-IG,30,EUR,6,1,2022,4.5584,270.5,B
BOND_0546,Sovereign,2,USD,3,1,2018,1.6911,72.2,A
BOND_0547,Corporate-HY,10,USD,3,1,2024,2.6116,251.2,A
BOND_0548,Corporate-IG,15,GBP,5,0,2021,2.8077,28.0,BB
BOND_0549,Municipal,20,USD,7,0,2021,4.703,74.4,CCC
BOND_0550,Corporate-IG,2,EUR,6,0,2023,2.2931,601.2,B
BOND_0551,Supranational,20,USD,5,1,2020,4.1891,681.7,BB
BOND_0552,Corporate-HY,2,USD,1,1,2021,0.6187,768.3,AAA
BOND_0553,Corporate-HY,2,USD,4,0,2024,2.2003,487.5,BBB
BOND_0554,Supranational,30,JPY,3,1,2018,2.8291,171.6,A
BOND_0555,Corporate-IG,7,GBP,4,0,2020,2.4902,447.1,BBB
BOND_0556,Sovereign,7,JPY,5,0,2019,2.3462,251.8,BB
BOND_0557,Sovereign,5,EUR,5,0,2024,2.3121,42.3,BB
BOND_0558,Municipal,3,USD,5,0,2024,1.9188,152.3,BB
BOND_0559,Corporate-HY,10,EUR,4,0,2021,3.0935,1842.4,BBB
BOND_0560,Municipal,10,EUR,5,0,2020,2.5308,5255.0,BB
BOND_0561,Corporate-IG,10,GBP,1,0,2018,1.5063,1288.7,AAA
BOND_0562,Sovereign,5,USD,5,1,2023,2.6932,4914.9,BB
BOND_0563,Sovereign,7,EUR,2,0,2022,1.0555,551.5,AA
BOND_0564,Corporate-IG,15,USD,7,0,2022,4.1512,6621.3,CCC
BOND_0565,Corporate-HY,20,USD,4,1,2018,4.0151,10574.7,BBB
BOND_0566,Corporate-IG,30,EUR,2,0,2018,2.9418,36.0,AA
BOND_0567,Corporate-IG,20,EUR,5,0,2022,2.8894,676.4,BB
BOND_0568,Supranational,15,USD,1,1,2023,1.5591,552.3,AAA
BOND_0569,Corporate-IG,30,USD,3,0,2020,4.4234,256.8,A
BOND_0570,Corporate-IG,5,EUR,6,0,2022,2.4338,1014.7,B
BOND_0571,Municipal,15,GBP,7,0,2018,5.1797,516.0,CCC
BOND_0572,Corporate-IG,10,GBP,6,1,2021,3.8876,161.0,B
BOND_0573,Corporate-HY,3,JPY,5,0,2019,1.9249,466.2,BB
BOND_0574,Supranational,2,GBP,7,1,2023,3.2426,2955.4,CCC
BOND_0575,Supranational,20,USD,7,0,2024,4.5846,638.0,CCC
BOND_0576,Sovereign,7,EUR,1,0,2023,0.7079,1242.6,AAA
BOND_0577,Supranational,7,EUR,7,0,2021,3.1501,320.2,CCC
BOND_0578,Corporate-IG,5,USD,4,1,2021,2.3028,955.8,BBB
BOND_0579,Corporate-IG,30,GBP,2,0,2024,2.979,79.1,AA
BOND_0580,Corporate-IG,7,USD,2,0,2018,1.397,229.3,AA
BOND_0581,Supranational,10,JPY,2,0,2022,1.2312,415.9,AA
BOND_0582,Corporate-IG,20,EUR,4,0,2020,3.2472,71.5,BBB
BOND_0583,Corporate-IG,15,EUR,6,1,2023,3.2335,139.7,B
BOND_0584,Corporate-HY,10,EUR,1,0,2024,0.9195,776.0,AAA
BOND_0585,Corporate-IG,5,GBP,7,0,2023,3.1515,589.5,CCC
BOND_0586,Sovereign,10,EUR,4,0,2021,1.9997,1626.3,BBB
BOND_0587,Sovereign,15,EUR,2,1,2022,1.6531,197.1,AA
BOND_0588,Sovereign,3,USD,5,0,2023,2.8504,528.9,BB
BOND_0589,Sovereign,5,EUR,3,0,2020,1.2494,177.1,A
BOND_0590,Sovereign,3,USD,7,1,2021,2.6205,1399.2,CCC
BOND_0591,Corporate-HY,2,EUR,4,1,2020,1.5755,2894.6,BBB
BOND_0592,Sovereign,3,EUR,4,0,2022,1.9828,1001.7,BBB
BOND_0593,Corporate-IG,2,EUR,1,0,2023,0.1,2383.4,AAA
BOND_0594,Supranational,2,USD,1,0,2019,0.8059,509.4,AAA
BOND_0595,Corporate-IG,3,USD,4,0,2023,2.1191,1624.4,BBB
BOND_0596,Corporate-HY,5,EUR,2,0,2022,1.771,543.3,AA
BOND_0597,Sovereign,30,USD,3,0,2023,3.3925,104.3,A
BOND_0598,Sovereign,15,USD,7,0,2024,3.6809,702.4,CCC
BOND_0599,Sovereign,10,USD,1,0,2023,1.5016,109.0,AAA
BOND_0600,Sovereign,10,JPY,7,1,2018,3.6148,16206.7,CCC
BOND_0601,Corporate-IG,15,EUR,2,1,2023,1.4819,293.9,AA
BOND_0602,Sovereign,20,USD,7,0,2023,4.1136,1276.7,CCC
BOND_0603,Sovereign,20,USD,5,0,2020,4.2301,476.2,BB
BOND_0604,Sovereign,2,USD,1,0,2019,1.3445,76.3,AAA
BOND_0605,Corporate-IG,2,GBP,2,1,2020,1.9419,28.1,AA
BOND_0606,Corporate-IG,5,EUR,2,0,2020,1.3971,1492.2,AA
BOND_0607,Corporate-IG,7,USD,3,0,2021,2.4084,4956.7,A
BOND_0608,Corporate-IG,3,USD,3,0,2018,2.0614,161.1,A
BOND_0609,Corporate-HY,2,USD,5,0,2020,3.3925,40.4,BB
BOND_0610,Sovereign,10,EUR,2,0,2024,1.0806,297.9,AA
BOND_0611,Municipal,5,GBP,6,0,2022,2.9164,119.0,B
BOND_0612,Corporate-HY,3,USD,2,0,2024,1.6829,182.9,AA
BOND_0613,Sovereign,5,USD,3,1,2022,1.4141,1212.0,A
BOND_0614,Supranational,3,USD,6,0,2023,2.2858,449.8,B
BOND_0615,Supranational,3,JPY,1,1,2021,0.1,139.8,AAA
BOND_0616,Sovereign,15,USD,1,1,2018,2.2413,1172.9,AAA
BOND_0617,Corporate-IG,2,GBP,7,0,2024,2.9916,1319.2,CCC
BOND_0618,Municipal,30,EUR,4,0,2018,4.4982,292.6,BBB
BOND_0619,Municipal,5,USD,3,0,2024,1.4275,596.7,A
BOND_0620,Sovereign,30,USD,4,0,2023,4.2193,1059.2,BBB
BOND_0621,Corporate-IG,5,USD,6,1,2022,2.9616,919.3,B
BOND_0622,Corporate-IG,15,EUR,3,1,2019,2.217,515.6,A
BOND_0623,Corporate-IG,10,GBP,5,0,2021,3.1814,4160.4,BB
BOND_0624,Corporate-HY,30,EUR,2,0,2024,3.0558,1162.7,AA
BOND_0625,Corporate-IG,10,EUR,5,1,2024,2.9797,246.8,BB
BOND_0626,Corporate-IG,20,USD,6,1,2023,4.3213,249.0,B
BOND_0627,Municipal,2,JPY,3,1,2021,0.1,210.1,A
BOND_0628,Sovereign,2,GBP,6,0,2022,2.8486,1252.2,B
BOND_0629,Corporate-IG,7,USD,2,0,2022,1.6749,190.6,AA
BOND_0630,Municipal,15,JPY,1,1,2024,0.9389,256.5,AAA
BOND_0631,Supranational,10,EUR,1,1,2019,1.29,2372.1,AAA
BOND_0632,Corporate-IG,3,EUR,6,0,2019,3.1159,646.7,B
BOND_0633,Corporate-IG,5,EUR,4,0,2018,2.3175,2928.6,BBB
BOND_0634,Sovereign,2,GBP,3,0,2021,2.2276,1606.1,A
BOND_0635,Corporate-IG,30,EUR,3,0,2021,3.3684,83.1,A
BOND_0636,Corporate-IG,5,USD,1,0,2022,1.1433,416.3,AAA
BOND_0637,Corporate-IG,5,USD,7,1,2018,4.0964,2141.8,CCC
BOND_0638,Corporate-IG,7,JPY,5,0,2023,1.5883,77.6,BB
BOND_0639,Corporate-IG,10,USD,7,1,2021,3.7202,910.6,CCC
BOND_0640,Sovereign,2,USD,2,0,2018,1.4712,457.4,AA
BOND_0641,Corporate-IG,5,EUR,5,1,2018,2.3474,34.9,BB
BOND_0642,Corporate-IG,2,EUR,5,1,2024,1.8586,580.6,BB
BOND_0643,Corporate-IG,3,EUR,6,0,2022,1.8896,138.1,B
BOND_0644,Sovereign,7,JPY,1,0,2018,0.1932,84.2,AAA
BOND_0645,Supranational,3,USD,7,0,2019,4.1988,491.9,CCC
BOND_0646,Corporate-HY,2,USD,7,0,2019,3.3425,26.8,CCC
BOND_0647,Corporate-HY,20,USD,1,1,2020,2.5174,176.5,AAA
BOND_0648,Municipal,30,GBP,7,1,2022,4.9908,22275.7,CCC
BOND_0649,Corporate-IG,2,EUR,1,0,2024,0.1882,1286.7,AAA
BOND_0650,Sovereign,10,USD,6,0,2023,3.1843,129.3,B
BOND_0651,Corporate-IG,5,GBP,4,0,2020,2.0311,3986.8,BBB
BOND_0652,Corporate-HY,5,GBP,5,1,2019,3.3231,109.6,BB
BOND_0653,Municipal,3,GBP,6,0,2024,3.0948,211.4,B
BOND_0654,Corporate-IG,30,JPY,3,0,2020,3.0678,86.6,A
BOND_0655,Sovereign,7,USD,2,0,2022,1.9598,712.4,AA
BOND_0656,Corporate-IG,20,GBP,4,0,2024,3.871,3779.8,BBB
BOND_0657,Corporate-IG,15,EUR,3,0,2022,2.4262,108.4,A
BOND_0658,Corporate-HY,30,GBP,5,1,2018,5.2205,22.1,BB
BOND_0659,Corporate-HY,5,EUR,7,0,2021,3.1597,2492.2,CCC
BOND_0660,Corporate-IG,10,GBP,1,0,2018,2.0948,4990.0,AAA
BOND_0661,Supranational,30,EUR,5,1,2022,4.0234,24.3,BB
BOND_0662,Corporate-HY,3,USD,6,1,2024,2.5962,967.4,B
BOND_0663,Corporate-IG,3,EUR,2,0,2019,1.2753,681.5,AA
BOND_0664,Sovereign,15,JPY,6,0,2023,2.6578,148.9,B
BOND_0665,Sovereign,10,JPY,4,0,2019,1.8903,59.9,BBB
BOND_0666,Corporate-IG,7,USD,4,0,2024,2.2601,2147.6,BBB
BOND_0667,Sovereign,30,USD,2,0,2018,4.2452,634.7,AA
BOND_0668,Sovereign,10,USD,3,0,2023,1.8602,710.6,A
BOND_0669,Corporate-IG,7,EUR,3,0,2024,1.5878,190.9,A
BOND_0670,Sovereign,10,GBP,4,1,2022,2.9031,145.7,BBB
BOND_0671,Supranational,10,USD,4,0,2019,3.2357,12.2,BBB
BOND_0672,Sovereign,2,EUR,7,1,2022,2.4402,344.6,CCC
BOND_0673,Corporate-IG,3,GBP,1,0,2023,0.3322,4199.5,AAA
BOND_0674,Corporate-IG,30,EUR,7,1,2023,5.003,127.6,CCC
BOND_0675,Supranational,10,EUR,7,1,2019,3.7071,49.4,CCC
BOND_0676,Sovereign,30,EUR,3,1,2022,3.65,932.6,A
BOND_0677,Corporate-IG,15,EUR,2,1,2020,1.7444,1229.8,AA
BOND_0678,Supranational,10,USD,3,1,2022,2.4342,201.5,A
BOND_0679,Supranational,5,EUR,1,0,2023,0.8163,287.5,AAA
BOND_0680,Municipal,3,EUR,6,0,2022,2.4114,720.8,B
BOND_0681,Corporate-IG,5,GBP,4,0,2024,2.2251,384.2,BBB
BOND_0682,Sovereign,30,EUR,4,1,2018,4.2448,2174.8,BBB
BOND_0683,Corporate-HY,30,GBP,1,1,2020,3.022,18776.3,AAA
BOND_0684,Supranational,3,USD,7,0,2021,3.5993,37.4,CCC
BOND_0685,Corporate-HY,30,EUR,2,0,2024,3.2867,3069.0,AA
BOND_0686,Corporate-HY,5,USD,4,0,2018,2.7067,568.1,BBB
BOND_0687,Corporate-IG,10,USD,5,1,2021,2.7139,3892.4,BB
BOND_0688,Municipal,10,EUR,7,0,2019,3.4938,1438.0,CCC
BOND_0689,Sovereign,2,JPY,4,0,2021,0.6262,531.8,BBB
BOND_0690,Corporate-IG,15,USD,5,0,2024,3.6871,1517.1,BB
BOND_0691,Corporate-IG,30,EUR,1,0,2022,2.8292,268.6,AAA
BOND_0692,Corporate-IG,5,GBP,1,1,2024,0.6835,151.9,AAA
BOND_0693,Corporate-IG,30,USD,7,1,2021,5.123,1637.3,CCC
BOND_0694,Sovereign,30,EUR,4,1,2023,3.4199,136.7,BBB
BOND_0695,Corporate-HY,7,EUR,3,0,2018,1.7685,1271.6,A
BOND_0696,Corporate-IG,2,EUR,5,0,2018,2.3928,508.1,BB
BOND_0697,Corporate-HY,5,USD,2,0,2021,1.6227,14.7,AA
BOND_0698,Sovereign,5,USD,4,1,2018,3.0586,205.0,BBB
BOND_0699,Corporate-IG,30,GBP,2,0,2023,3.1922,801.7,AA
BOND_0700,Corporate-IG,2,EUR,4,0,2024,0.9075,263.9,BBB
BOND_0701,Sovereign,10,USD,3,0,2018,2.3529,10.6,A
BOND_0702,Corporate-IG,5,GBP,3,1,2021,1.955,3517.9,A
BOND_0703,Sovereign,10,USD,7,0,2020,3.8814,625.5,CCC
BOND_0704,Sovereign,2,EUR,7,1,2020,2.8264,944.0,CCC
BOND_0705,Supranational,10,USD,3,0,2019,2.4638,238.5,A
BOND_0706,Corporate-IG,3,JPY,6,0,2018,2.6371,1076.8,B
BOND_0707,Municipal,7,USD,3,0,2024,1.6839,7606.2,A
BOND_0708,Corporate-IG,20,USD,1,0,2021,2.2868,161.1,AAA
BOND_0709,Corporate-HY,5,USD,1,0,2018,1.7152,5913.6,AAA
BOND_0710,Municipal,15,USD,6,0,2022,3.7305,882.1,B
BOND_0711,Corporate-HY,7,GBP,5,0,2023,2.887,131.7,BB
BOND_0712,Corporate-IG,20,JPY,2,1,2018,2.1514,13400.9,AA
BOND_0713,Corporate-IG,10,USD,4,0,2018,3.1425,873.0,BBB
BOND_0714,Corporate-IG,5,EUR,4,1,2020,1.5989,1338.4,BBB
BOND_0715,Supranational,10,EUR,6,0,2023,3.2689,323.9,B
BOND_0716,Municipal,3,GBP,1,1,2021,1.6781,146.9,AAA
BOND_0717,Supranational,2,EUR,7,0,2018,3.1626,624.0,CCC
BOND_0718,Sovereign,5,USD,4,0,2020,2.1861,5201.4,BBB
BOND_0719,Municipal,20,EUR,1,0,2019,2.1087,304.9,AAA
BOND_0720,Supranational,20,EUR,5,0,2023,3.597,466.1,BB
BOND_0721,Sovereign,3,USD,2,0,2020,1.3554,4311.2,AA
BOND_0722,Sovereign,3,EUR,5,1,2020,2.1302,309.2,BB
BOND_0723,Municipal,30,USD,6,1,2024,4.9648,1043.0,B
BOND_0724,Corporate-HY,5,GBP,3,1,2020,2.3935,1809.0,A
BOND_0725,Municipal,10,USD,3,1,2024,2.2758,361.2,A
BOND_0726,Sovereign,15,EUR,3,0,2018,2.8451,772.2,A
BOND_0727,Municipal,20,EUR,5,0,2018,3.6721,1307.9,BB
BOND_0728,Corporate-IG,20,EUR,4,0,2019,3.4206,265.9,BBB
BOND_0729,Sovereign,3,USD,2,0,2022,1.1234,1649.4,AA
BOND_0730,Sovereign,7,EUR,3,0,2022,1.8137,213.6,A
BOND_0731,Municipal,3,EUR,6,0,2022,2.7854,176.2,B
BOND_0732,Corporate-HY,15,EUR,6,0,2024,3.366,49.1,B
BOND_0733,Corporate-IG,10,EUR,3,0,2023,1.5898,228.0,A
BOND_0734,Corporate-IG,10,EUR,3,1,2023,1.6016,142.8,A
BOND_0735,Supranational,7,GBP,2,1,2019,2.461,265.9,AA
BOND_0736,Corporate-IG,20,USD,3,0,2023,2.8948,1215.0,A
BOND_0737,Municipal,3,GBP,2,1,2022,1.5776,36.5,AA
BOND_0738,Corporate-IG,30,EUR,6,1,2022,4.6557,25.1,B
BOND_0739,Corporate-IG,10,USD,3,0,2020,2.3998,157.7,A
BOND_0740,Corporate-IG,15,USD,5,0,2023,2.9966,969.1,BB
BOND_0741,Corporate-IG,5,USD,7,0,2018,3.9635,748.3,CCC
BOND_0742,Municipal,2,GBP,5,1,2018,2.8477,154.0,BB
BOND_0743,Corporate-IG,2,EUR,6,1,2020,3.0356,2803.4,B
BOND_0744,Corporate-IG,2,GBP,2,0,2020,1.2019,180.7,AA
BOND_0745,Supranational,30,EUR,5,0,2020,5.0884,970.8,BB
BOND_0746,Corporate-IG,20,EUR,2,0,2018,2.7136,281.5,AA
BOND_0747,Corporate-IG,3,USD,5,0,2022,2.6533,131.8,BB
BOND_0748,Supranational,7,USD,5,0,2020,2.8821,195.8,BB
BOND_0749,Corporate-HY,30,EUR,2,1,2019,3.3369,1459.0,AA
BOND_0750,Sovereign,30,USD,4,1,2024,4.192,833.8,BBB
BOND_0751,Supranational,10,USD,5,1,2020,3.5636,2072.8,BB
BOND_0752,Corporate-HY,5,EUR,3,1,2024,0.8318,833.8,A
BOND_0753,Corporate-IG,30,EUR,7,1,2021,5.4855,43.3,CCC
BOND_0754,Sovereign,15,JPY,6,0,2020,3.2084,11569.3,B
BOND_0755,Municipal,5,JPY,4,0,2018,1.8825,851.7,BBB
BOND_0756,Corporate-HY,15,EUR,2,0,2023,1.6337,1049.9,AA
BOND_0757,Corporate-IG,20,EUR,4,1,2020,2.8823,275.7,BBB
BOND_0758,Supranational,3,EUR,1,0,2023,0.3618,2576.7,AAA
BOND_0759,Municipal,2,GBP,1,1,2021,0.929,94.1,AAA
BOND_0760,Sovereign,30,USD,5,0,2019,4.5844,1211.0,BB
BOND_0761,Corporate-IG,3,EUR,5,0,2023,2.178,21.4,BB
BOND_0762,Corporate-IG,20,GBP,3,0,2024,3.199,1339.8,A
BOND_0763,Municipal,7,USD,7,0,2022,3.4411,96.1,CCC
BOND_0764,Sovereign,7,EUR,6,1,2020,2.6206,735.1,B
BOND_0765,Corporate-HY,20,EUR,4,1,2021,2.92,3716.4,BBB
BOND_0766,Municipal,15,USD,1,0,2021,2.0072,1666.6,AAA
BOND_0767,Supranational,10,USD,5,0,2023,2.9207,3044.4,BB
BOND_0768,Corporate-IG,10,USD,6,0,2019,3.7817,2606.5,B
BOND_0769,Municipal,15,USD,4,0,2018,3.5664,221.0,BBB
BOND_0770,Sovereign,7,USD,5,0,2020,2.6495,1190.3,BB
BOND_0771,Municipal,7,GBP,5,1,2021,2.5192,36.5,BB
BOND_0772,Sovereign,30,USD,1,0,2019,2.5833,173.1,AAA
BOND_0773,Corporate-IG,7,EUR,1,0,2022,1.0428,3918.5,AAA
BOND_0774,Municipal,3,USD,5,0,2021,2.6446,272.3,BB
BOND_0775,Sovereign,7,JPY,2,0,2019,1.2744,29.4,AA
BOND_0776,Corporate-IG,5,USD,5,0,2018,2.7587,9947.1,BB
BOND_0777,Municipal,30,EUR,6,0,2018,5.0073,1127.6,B
BOND_0778,Municipal,2,GBP,5,0,2021,2.6244,1527.2,BB
BOND_0779,Corporate-HY,7,GBP,3,0,2024,1.6915,111.5,A
BOND_0780,Corporate-HY,15,USD,7,0,2021,3.934,742.9,CCC
BOND_0781,Corporate-IG,2,GBP,3,0,2023,2.0838,714.0,A
BOND_0782,Corporate-IG,3,EUR,3,0,2020,1.8598,141.5,A
BOND_0783,Corporate-IG,15,EUR,2,1,2019,1.9463,376.1,AA
BOND_0784,Sovereign,2,USD,2,0,2021,1.5131,51.1,AA
BOND_0785,Supranational,15,USD,5,0,2020,3.5546,288.4,BB
BOND_0786,Corporate-HY,3,EUR,3,0,2023,0.8414,2090.7,A
BOND_0787,Corporate-IG,30,EUR,2,0,2020,3.7482,158.3,AA
BOND_0788,Corporate-IG,5,EUR,1,0,2021,0.2034,8479.7,AAA
BOND_0789,Supranational,3,EUR,5,1,2018,2.3337,56.3,BB
BOND_0790,Sovereign,3,GBP,6,1,2019,3.2347,328.4,B
BOND_0791,Corporate-HY,15,USD,7,0,2019,5.0954,181.2,CCC
BOND_0792,Corporate-IG,30,EUR,4,0,2018,4.469,370.3,BBB
BOND_0793,Corporate-HY,20,USD,5,0,2024,3.1983,3796.0,BB
BOND_0794,Sovereign,10,GBP,4,1,2021,2.771,110.8,BBB
BOND_0795,Supranational,7,EUR,3,0,2019,1.8663,246.6,A
BOND_0796,Supranational,7,JPY,7,0,2021,2.6915,1295.0,CCC
BOND_0797,Corporate-HY,5,USD,4,0,2023,2.3859,557.9,BBB
BOND_0798,Corporate-HY,5,USD,3,0,2021,1.5773,631.0,A
BOND_0799,Supranational,7,USD,1,0,2020,1.3374,114.0,AAA
